images,labels
fall001.jpg,1
fall002.jpg,1
fall003.jpg,1
fall004.jpg,1
fall005.jpg,1
fall006.jpg,1
fall007.jpg,1
fall008.jpg,1
fall009.jpg,1
fall010.jpg,1
fall011.jpg,1
fall012.jpg,1
fall013.jpg,1
fall014.jpg,1
fall015.jpg,1
fall016.jpg,1
fall017.jpg,1
fall018.jpg,1
fall019.jpg,1
fall020.jpg,1
fall021.jpg,1
fall022.jpg,1
fall023.jpg,1
fall024.jpg,1
fall025.jpg,1
fall026.jpg,1
fall027.jpg,1
fall028.jpg,1
fall029.jpg,1
fall030.jpg,1
fall031.jpg,1
fall032.jpg,1
fall033.jpg,1
fall034.jpg,1
fall035.jpg,1
fall036.jpg,1
fall037.jpg,1
fall038.jpg,1
fall039.jpg,1
fall040.jpg,1
fall041.jpg,1
fall042.jpg,1
fall043.jpg,1
fall044.jpg,1
fall045.jpg,1
fall046.jpg,1
fall047.jpg,1
fall048.jpg,1
fall049.jpg,1
fall050.jpg,1
fall051.jpg,1
fall052.jpg,1
fall053.jpg,1
fall054.jpg,1
fall055.jpg,1
fall056.jpg,1
fall057.jpg,1
fall058.jpg,1
fall059.jpg,1
fall060.jpg,1
fall061.jpg,1
fall062.jpg,1
fall063.jpg,1
fall064.jpg,1
fall065.jpg,1
fall066.jpg,1
fall067.jpg,1
fall068.jpg,1
fall069.jpg,1
fall070.jpg,1
fall071.jpg,1
fall072.jpg,1
fall073.jpg,1
fall074.jpg,1
fall075.jpg,1
fall076.jpg,1
fall077.jpg,1
fall078.jpg,1
fall079.jpg,1
fall080.jpg,1
fall081.jpg,1
fall082.jpg,1
fall083.jpg,1
fall084.jpg,1
fall085.jpg,1
fall086.jpg,1
fall087.jpg,1
fall088.jpg,1
fall089.jpg,1
fall090.jpg,1
fall091.jpg,1
fall092.jpg,1
fall093.jpg,1
fall094.jpg,1
fall095.jpg,1
fall096.jpg,1
fall097.jpg,1
fall098.jpg,1
fall099.jpg,1
fall100.jpg,1
fall101.jpg,1
fall102.jpg,1
fall103.jpg,1
fall104.jpg,1
fall105.jpg,1
fall106.jpg,1
fall107.jpg,1
fall108.jpg,1
fall109.jpg,1
fall110.jpg,1
fall111.jpg,1
fall112.jpg,1
fall113.jpg,1
fall114.jpg,1
fall115.jpg,1
fall116.jpg,1
fall117.jpg,1
fall118.jpg,1
fall119.jpg,1
fall120.jpg,1
fall121.jpg,1
fall122.jpg,1
fall123.jpg,1
fall124.jpg,1
fall125.jpg,1
fall126.jpg,1
fall127.jpg,1
fall128.jpg,1
fall129.jpg,1
fall130.jpg,1
fall131.jpg,1
fall132.jpg,1
fall133.jpg,1
fall134.jpg,1
fall135.jpg,1
fall136.jpg,1
fall137.jpg,1
fall138.jpg,1
fall139.jpg,1
fall140.jpg,1
fall141.jpg,1
fall142.jpg,1
fall143.jpg,1
fall144.jpg,1
fall145.jpg,1
fall146.jpg,1
fall147.jpg,1
fall148.jpg,1
fall149.jpg,1
fall150.jpg,1
fall151.jpg,1
fall152.jpg,1
fall153.jpg,1
fall154.jpg,1
fall155.jpg,1
fall156.jpg,1
fall157.jpg,1
fall158.jpg,1
fall159.jpg,1
fall160.jpg,1
fall161.jpg,1
fall162.jpg,1
fall163.jpg,1
fall164.jpg,1
fall165.jpg,1
fall166.jpg,1
fall167.jpg,1
fall168.jpg,1
fall169.jpg,1
fall170.jpg,1
fall171.jpg,1
fall172.jpg,1
fall173.jpg,1
fall174.jpg,1
fall175.jpg,1
fall176.jpg,1
fall177.jpg,1
fall178.jpg,1
fall179.jpg,1
fall180.jpg,1
fall181.jpg,1
fall182.jpg,1
fall183.jpg,1
fall184.jpg,1
fall185.jpg,1
fall186.jpg,1
fall187.jpg,1
fall188.jpg,1
fall189.jpg,1
fall190.jpg,1
fall191.jpg,1
fall192.jpg,1
fall193.jpg,1
fall194.jpg,1
fall195.jpg,1
fall196.jpg,1
fall197.jpg,1
fall198.jpg,1
fall199.jpg,1
fall200.jpg,1
fall201.jpg,1
fall202.jpg,1
fall203.jpg,1
fall204.jpg,1
fall205.jpg,1
fall206.jpg,1
fall207.jpg,1
fall208.jpg,1
not fallen001.jpg,0
not fallen002.jpg,0
not fallen003.jpg,0
not fallen004.jpg,0
not fallen005.jpg,0
not fallen006.jpg,0
not fallen007.jpg,0
not fallen008.jpg,0
not fallen009.jpg,0
not fallen010.jpg,0
not fallen011.jpg,0
not fallen012.jpg,0
not fallen013.jpg,0
not fallen014.jpg,0
not fallen015.jpg,0
not fallen016.jpg,0
not fallen017.jpg,0
not fallen018.jpg,0
not fallen019.jpg,0
not fallen020.jpg,0
not fallen021.jpg,0
not fallen022.jpg,0
not fallen023.jpg,0
not fallen024.jpg,0
not fallen025.jpg,0
not fallen026.jpg,0
not fallen027.jpg,0
not fallen028.jpg,0
not fallen029.jpg,0
not fallen030.jpg,0
not fallen031.jpg,0
not fallen032.jpg,0
not fallen033.jpg,0
not fallen034.jpg,0
not fallen035.jpg,0
not fallen036.jpg,0
not fallen037.jpg,0
not fallen038.jpg,0
not fallen039.jpg,0
not fallen040.jpg,0
not fallen041.jpg,0
not fallen042.jpg,0
not fallen043.jpg,0
not fallen044.jpg,0
not fallen045.jpg,0
not fallen046.jpg,0
not fallen047.jpg,0
not fallen048.jpg,0
not fallen049.jpg,0
not fallen050.jpg,0
not fallen051.jpg,0
not fallen052.jpg,0
not fallen053.jpg,0
not fallen054.jpg,0
not fallen055.jpg,0
not fallen056.jpg,0
not fallen057.jpg,0
not fallen058.jpg,0
not fallen059.jpg,0
not fallen060.jpg,0
not fallen061.jpg,0
not fallen062.jpg,0
not fallen063.jpg,0
not fallen064.jpg,0
not fallen065.jpg,0
not fallen066.jpg,0
not fallen067.jpg,0
not fallen068.jpg,0
not fallen069.jpg,0
not fallen070.jpg,0
not fallen071.jpg,0
not fallen072.jpg,0
not fallen073.jpg,0
not fallen074.jpg,0
not fallen075.jpg,0
not fallen076.jpg,0
not fallen077.jpg,0
not fallen078.jpg,0
not fallen079.jpg,0
not fallen080.jpg,0
not fallen081.jpg,0
not fallen082.jpg,0
not fallen083.jpg,0
not fallen084.jpg,0
not fallen085.jpg,0
not fallen086.jpg,0
not fallen087.jpg,0
not fallen088.jpg,0
not fallen089.jpg,0
not fallen090.jpg,0
not fallen091.jpg,0
not fallen092.jpg,0
not fallen093.jpg,0
not fallen094.jpg,0
not fallen095.jpg,0
not fallen096.jpg,0
not fallen097.jpg,0
not fallen098.jpg,0
not fallen099.jpg,0
not fallen100.jpg,0
not fallen101.jpg,0
not fallen102.jpg,0
not fallen103.jpg,0
not fallen104.jpg,0
not fallen105.jpg,0
not fallen106.jpg,0
not fallen107.jpg,0
not fallen108.jpg,0
not fallen109.jpg,0
not fallen110.jpg,0
not fallen111.jpg,0
not fallen112.jpg,0
not fallen113.jpg,0
not fallen114.jpg,0
not fallen115.jpg,0
not fallen116.jpg,0
not fallen117.jpg,0
not fallen118.jpg,0
not fallen119.jpg,0
not fallen120.jpg,0
not fallen121.jpg,0
not fallen122.jpg,0
not fallen123.jpg,0
not fallen124.jpg,0
not fallen125.jpg,0
not fallen126.jpg,0
not fallen127.jpg,0
not fallen128.jpg,0
not fallen129.jpg,0
not fallen130.jpg,0
not fallen131.jpg,0
not fallen132.jpg,0
not fallen133.jpg,0
not fallen134.jpg,0
not fallen135.jpg,0
not fallen136.jpg,0
not fallen137.jpg,0
not fallen138.jpg,0
not fallen139.jpg,0
not fallen140.jpg,0
not fallen141.jpg,0
not fallen142.jpg,0
not fallen143.jpg,0
not fallen144.jpg,0
not fallen145.jpg,0
not fallen146.jpg,0
not fallen147.jpg,0
not fallen148.jpg,0
not fallen149.jpg,0
not fallen150.jpg,0
not fallen151.jpg,0
not fallen152.jpg,0
not fallen153.jpg,0
not fallen154.jpg,0
not fallen155.jpg,0
not fallen156.jpg,0
not fallen157.jpg,0
not fallen158.jpg,0
not fallen159.jpg,0
not fallen160.jpg,0
not fallen161.jpg,0
not fallen162.jpg,0
not fallen163.jpg,0
not fallen164.jpg,0
not fallen165.jpg,0
not fallen166.jpg,0
frame_527.jpg,0
frame_456.jpg,1
frame_0.jpg,0
frame_1.jpg,0
frame_2.jpg,0
frame_3.jpg,0
frame_4.jpg,0
frame_5.jpg,0
frame_6.jpg,0
frame_7.jpg,0
frame_8.jpg,0
frame_9.jpg,0
frame_10.jpg,0
frame_11.jpg,0
frame_12.jpg,0
frame_13.jpg,0
frame_14.jpg,0
frame_15.jpg,0
frame_16.jpg,0
frame_17.jpg,0
frame_18.jpg,0
frame_19.jpg,0
frame_20.jpg,0
frame_21.jpg,0
frame_22.jpg,0
frame_23.jpg,0
frame_24.jpg,0
frame_25.jpg,0
frame_26.jpg,0
frame_27.jpg,0
frame_28.jpg,0
frame_29.jpg,0
frame_30.jpg,0
frame_31.jpg,0
frame_32.jpg,0
frame_33.jpg,0
frame_34.jpg,0
frame_35.jpg,0
frame_36.jpg,0
frame_37.jpg,0
frame_38.jpg,0
frame_39.jpg,0
frame_40.jpg,0
frame_41.jpg,0
frame_42.jpg,0
frame_43.jpg,0
frame_44.jpg,0
frame_45.jpg,0
frame_46.jpg,0
frame_47.jpg,0
frame_48.jpg,0
frame_49.jpg,0
frame_50.jpg,0
frame_51.jpg,0
frame_52.jpg,0
frame_53.jpg,0
frame_54.jpg,0
frame_55.jpg,0
frame_56.jpg,0
frame_57.jpg,0
frame_58.jpg,0
frame_59.jpg,0
frame_60.jpg,0
frame_61.jpg,0
frame_62.jpg,0
frame_63.jpg,0
frame_64.jpg,0
frame_65.jpg,0
frame_66.jpg,0
frame_67.jpg,0
frame_68.jpg,0
frame_69.jpg,0
frame_70.jpg,0
frame_71.jpg,0
frame_72.jpg,0
frame_73.jpg,0
frame_74.jpg,0
frame_75.jpg,0
frame_76.jpg,0
frame_77.jpg,0
frame_78.jpg,0
frame_160.jpg,1
frame_161.jpg,1
frame_162.jpg,1
frame_163.jpg,1
frame_164.jpg,1
frame_165.jpg,1
frame_166.jpg,1
frame_167.jpg,1
frame_168.jpg,1
frame_169.jpg,1
frame_170.jpg,1
frame_171.jpg,1
frame_172.jpg,1
frame_173.jpg,1
frame_174.jpg,1
frame_175.jpg,1
frame_176.jpg,1
frame_177.jpg,1
frame_178.jpg,1
frame_179.jpg,1
frame_180.jpg,1
frame_181.jpg,1
frame_182.jpg,1
frame_183.jpg,1
frame_184.jpg,1
frame_185.jpg,1
frame_186.jpg,1
frame_187.jpg,1
frame_188.jpg,1
frame_189.jpg,1
frame_190.jpg,1
frame_191.jpg,1
frame_192.jpg,1
frame_193.jpg,1
frame_194.jpg,1
frame_195.jpg,1
frame_196.jpg,1
frame_197.jpg,1
frame_198.jpg,1
frame_199.jpg,1
frame_200.jpg,1
frame_201.jpg,1
frame_202.jpg,1
frame_203.jpg,1
frame_204.jpg,1
frame_205.jpg,1
frame_206.jpg,1
frame_207.jpg,1
frame_208.jpg,1
frame_209.jpg,1
frame_210.jpg,1
frame_211.jpg,1
frame_212.jpg,1
frame_213.jpg,1
frame_214.jpg,1
frame_215.jpg,1
frame_216.jpg,1
frame_217.jpg,1
frame_218.jpg,1
frame_219.jpg,1
frame_220.jpg,1
frame_221.jpg,1
frame_222.jpg,1
frame_223.jpg,1
